conversation_id,questions_id,題目,answer,source,Rewrite_Question,答案
1,1,Google Cloud 的 N4A 虛擬機器有什麼特色？,,,Google Cloud N4A 虛擬機器 特色,"根據提供的文件內容，Google Cloud 的 N4A 虛擬機器具有以下特色：

1.  **採用最新一代 Google Axion 處理器**：
    *   內建 Arm Neoverse N3 平臺的運算核心。
    *   整合 Google 發展的動態資源管理技術。
    *   整合 Titanium 網路與儲存工作卸載技術。

2.  **卓越的性價比與能源效率**：
    *   相較於採用主流 x86 架構 CPU 的虛擬機器，可提供**兩倍的性價比**（price-performance）。
    *   在能源使用效率方面，每瓦效能領先幅度達到**80％**。
    *   在特定應用場景下的性價比提升幅度更顯著：
        *   處理偏重運算能力要求的工作：比 x86 高出**5％**。
        *   一般用途資料庫系統（MySQL）：領先幅度為**20％**。
        *   Java 應用系統（SPECjbb2015）：成本效益高出**85％**。
        *   橫向擴展規模的網站伺服器系統（Nginx 反向代理）：領先比例為**90％**。
        *   CPU 運算效能（SPECrate2017 整數運算）：性價比可達到**205％**。

3.  **多元的工作負載適用性**：
    適合微服務、容器化應用系統、開放原始碼資料庫系統、批次處理、資料分析、軟體開發環境設置、實驗測試、資料準備以及網站服務提供，並能協助實現各種 AI 應用。

4.  **市場定位與版本資訊**：
    *   是 Google Cloud 旗下**第二批**採用 Axion 處理器的一般用途虛擬機器。
    *   被定位為目前最具成本效益的 N 系列虛擬機器服務。
    *   於今年 1 月底正式上線，支援 GKE 叢集的 Autopilot（全代管）或標準運作模式（需使用 GKE 版本 1.34.1-gke.3403001 以上）。
    *   支援區域已從去年的 4 個區域擴增至 9 個區域（包括 us-east1, us-west1, asia-southeast1, europe-west1, europe-west2 等）。"
1,2,它跟上一代的 C4A 有什麼不同？,,,C4A 與上一代版本的差異,"根據提供的文件內容，**N4A** 與上一代的 **C4A** 主要有以下不同之處：

1.  **服務類型與架構定位不同**：
    *   **C4A**：是 Google Cloud 第一款導入 Arm 架構的**裸機運算服務**（C4A metal），提供專屬於單一用戶執行的實體伺服器系統。
    *   **N4A**：是採用 Axion 處理器的**雲端虛擬機器系列**，屬於一般用途虛擬機器。

2.  **成本效益與能源效率不同**：
    *   **N4A** 相較於採用主流 x86 架構的虛擬機器，可提供**兩倍的性價比**（price-performance），且能源使用效率領先幅度達到**80％**。
    *   文件中未提及 C4A 具備此類型的性價比與能效數據。

3.  **適合的工作負載類型不同**：
    *   **C4A** 適合特殊類型的工作負載，例如：Android 系統與應用程式開發、自動駕駛車輛內部系統執行、測試系統規模擴展、複雜模擬作業，或須符合嚴格軟體授權要求的狀況。
    *   **N4A** 適合多元的一般用途工作負載，包括：微服務、容器化應用系統、開放原始碼資料庫系統、批次處理、資料分析、軟體開發環境設置、實驗測試、資料準備、網站服務提供，以及協助實現各種 AI 應用。

4.  **硬體整合技術細節**：
    *   **N4A** 明確提及內建 Arm Neoverse N3 平臺運算核心，並整合 Google 發展的動態資源管理技術以及 Titanium 網路與儲存工作卸載技術。
    *   文件中未詳細描述 C4A 的具體硬體整合技術細節。

5.  **區域覆蓋範圍不同**：
    *   **N4A** 在正式上線時，區域從預覽版的 4 個（愛荷華州、北維吉尼亞州、法蘭克福、荷蘭）擴增至 9 個（新增南卡羅萊納州、奧勒岡州、新加坡、比利時、倫敦）。
    *   文件中未提及 C4A 的區域覆蓋情況。

6.  **對 GKE 的支援模式**：
    *   **N4A** 支援 Google Cloud 企業級容器平臺 GKE 的 Autopilot（全代管）或標準運作模式，且 Autopilot 需使用特定版本（1.34.1-gke.3403001）。
    *   文件中未提及 C4A 對 GKE 的支援情況。"
1,3,那目前可以在哪些地區使用這個服務？,,,服務可用地區,"根據文件內容，目前可以在以下地區使用該服務（Google Cloud N4A 系列虛擬機器）：

*   us-east1（南卡羅萊納州）
*   us-west1（奧勒岡州）
*   asia-southeast1（新加坡）
*   europe-west1（比利時）
*   europe-west2（倫敦）

此外，文件也提及去年底預覽版時已供應的地區：
*   us-central1（愛荷華州）
*   us-east4（北維吉尼亞州）
*   europe-west3（法蘭克福）
*   europe-west4（荷蘭）"
2,1,最近去日本旅遊天氣要注意什麼？,,,日本旅遊 天氣 注意事項,"根據提供的文件內容，最近去日本旅遊需要注意以下天氣與健康狀況：

1.  **氣溫低且寒冷**：日本最近天氣很冷。
2.  **降雪風險高**：常常下大雪，甚至可能出現強風、暴風雪，天氣條件偏向惡劣。
3.  **流感流行**：日本正經歷第二波流感流行。雖然去年 1 月初曾探底，但受近期寒冷天氣影響，流行曲線整體升高。
    *   全日本 47 個都道府縣中，有 38 個超過 10 人通報流感患者。
    *   東京周邊（如八王子市、町田市等）目前比較流行。
    *   病毒型別以 A 型 H3 為主（佔 74%），但也混雜著 B 型流感（佔 26%），B 型占比明顯增加。

建議遊客注意保暖以應對低溫與大雪，並留意流感疫情，做好防護措施。"
2,2,那邊現在有流感疫情嗎？,,,流感疫情 流行狀況 最新,"根據文件內容，**日本目前確實有流感疫情**，且呈現第二波流行的趨勢。具體情況如下：

1.  **流行範圍與趨勢**：
    *   全日本 47 個都道府縣中，有**38 個**超過 10 人，顯示仍有一定程度的流行。
    *   有**42 個**都道府縣的患者數比前一周增加，僅有 5 個減少。
    *   原本較少流行的關東地區（特別是東京周邊縣份）又出現在榜單上。

2.  **主要流行區域（以東京為例）**：
    *   目前比較流行的區域包括：**八王子市、町田市、中野區、豐島區、北區、荒川區、江東區**。
    *   九州地區也仍在流行。

3.  **病毒型別**：
    *   近期（最近 5 周）鑑定的病毒型別以**A 型 H3**為主（佔 74%），**B 型**佔比 26%。
    *   這波疫情是 A 型與 B 型流感混合的第二波流行。

4.  **數據統計**：
    *   截至 1 月 25 日的一周內，全日本 3000 多家醫療機構報告的流感患者人數為**6 萬 3326 人**。
    *   每家醫療機構平均通報患者數從最低點 10.35 人回升至本周的**16.64 人**，且連續 3 周增加。

總結來說，日本因近期天氣寒冷，流感疫情自去年 1 月探底後再次上升，目前處於第二波流行階段，且多為 A 型與 B 型混合感染。"
2,3,東京的情況嚴重嗎？,,,東京疫情嚴重嗎,"根據文件內容，東京目前**確實存在流感流行情況**，但文件中並未直接描述其「嚴重程度」的具體評估（如是否為最嚴重地區），僅提供了以下數據與現象：

1.  **流行範圍擴大**：原本「躺平」的關東地區，特別是**東京周邊縣份**，又出現在流感流行榜單上。
2.  **患者數量增加**：全日本 47 個都道府縣中，有**42 個**的患者數比前一周增加，僅有 5 個減少。
3.  **具體流行區域**：文件明確指出，東京目前比較流行的區域包括**八王子市、町田市、中野區、豐島區、北區、荒川區、江東區**。
4.  **整體趨勢**：日本第二波流感流行曲線整體升高，且是 A 型與 B 型流感混合流行。

總結來說，文件顯示東京周邊地區流感疫情**有回升並持續流行**，且涵蓋多個行政區，但沒有直接定性為「非常嚴重」或「最嚴重」的結論，僅陳述其為當前流行的重點區域之一。"
